formula,material_type
Ag2,n-type
Ag2BaGeS4,n-type
Ag2BaGeSe4,n-type
Ag2BaGeSe4,p-type
Ag2BaSnSe4,n-type
Ag2BaSnSe4,p-type
Ag2S,n-type
Ag2Se,n-type
Ag2Se,p-type
Ag2Se0,n-type
Ag2Se0.5Te0.25S0.25,n-type
Ag2Se0.5Te0.25S0.25,p-type
Ag2SrGeSe4,n-type
Ag2SrGeSe4,p-type
Ag2SrSnSe4,n-type
Ag2SrSnSe4,p-type
Ag2Te,p-type
Ag2Te11,p-type
Ag2Te33,p-type
AgGaTe2,n-type
AgSbTe2,p-type
AgSbTe2,p-type
AgSbTe2,p-type
B2P6,n-type
B2P6,p-type
BCS,n-type
BCS,p-type
BTS,n-type
BTS,p-type
Ba2BiAu,n-type
Ba2Ge2S6,n-type
Ba2SnSe4,n-type
BaAg2GeSe4,n-type
BaAg2GeSe4,p-type
BaAg2SnSe4,n-type
BaAg2SnSe4,n-type
BaAg2SnSe4,p-type
BaBi2O6,n-type
BaCdSnSe4,n-type
BaTiO3,n-type
Bi,n-type
Bi,n-type
Bi,p-type
Bi0.5Sb1.5Te3,n-type
Bi0.5Sb1.5Te3,p-type
Bi0.88Sb0.12,n-type
Bi0.88Sb0.12,p-type
Bi1.8Sb0.2Te3.0,n-type
Bi1.8Sb0.2Te3.0,p-type
Bi2,n-type
Bi2,n-type
Bi2,p-type
Bi2O2Se,p-type
Bi2S3,n-type
Bi2Sb3,n-type
Bi2Se3,n-type
Bi2Se3,p-type
Bi2Te3,n-type
Bi2Te3,n-type
Bi2Te3,n-type
Bi2Te3,n-type
Bi2Te3,n-type
Bi2Te3,n-type
Bi2Te3,n-type
Bi2Te3,n-type
Bi2Te3,n-type
Bi2Te3,n-type
Bi2Te3,n-type
Bi2Te3,n-type
Bi2Te3,n-type
Bi2Te3,n-type
Bi2Te3,n-type
Bi2Te3,n-type
Bi2Te3,n-type
Bi2Te3,n-type
Bi2Te3,n-type
Bi2Te3,n-type
Bi2Te3,n-type
Bi2Te3,n-type
Bi2Te3,n-type
Bi2Te3,p-type
Bi2Te3,p-type
Bi2Te3,p-type
Bi2Te3,p-type
Bi2Te3,p-type
Bi2Te3,p-type
Bi2Te3,p-type
Bi2Te3,p-type
Bi2Te3,p-type
Bi2Te3,p-type
Bi2Te3,p-type
Bi2Te3,p-type
Bi2Te3.22,n-type
Bi2Te3.5,n-type
Bi2Te3.74,n-type
Bi2Te320,p-type
Bi2Te367,n-type
Bi2Te375,n-type
Bi88.5Sb7.5Sn4,p-type
BiCu0.7Ag0.3SeO,p-type
BiCuTeO,n-type
BiOCuSe,p-type
BiTeI21,n-type
CBW,n-type
CNO,p-type
CO2,n-type
CSO,n-type
CSO,p-type
Ca1,p-type
Ca3Co4O9,p-type
Ca5,p-type
CaMg2Bi2,p-type
CaMnO3,n-type
CaZrSe3,n-type
Cd3As2,n-type
Cd3As2,p-type
CdSnAs2,n-type
CeB6,p-type
Co2MnGa,p-type
Co3,p-type
Co3O4,p-type
CoSb3,n-type
CoSb3,n-type
CoSb3,n-type
CoSb3,p-type
CoSb3,p-type
CoSb3,p-type
CoTaSn,p-type
CoZrBi,n-type
CoZrBi,p-type
Cr2Ge2Te6,p-type
Cs3Cu2I5,n-type
Cs3Cu2I578,p-type
Cs8Cd18Sb28,p-type
Cs8Zn18Sb28,p-type
CsBi4Te6,p-type
CsK2Sb,n-type
CsK2Sb,p-type
Cu2CdSnSe4,p-type
Cu2O,n-type
Cu2O,p-type
Cu2Se26,n-type
Cu2ZnSn1,p-type
Cu2ZnSnSe4,n-type
Cu2ZnSnSe4,p-type
Cu3SbSe3,p-type
Cu3SbSe4,p-type
Cu3TaTe4,p-type
CuCoO235,n-type
CuSbS2,p-type
DFT,n-type
DFT,n-type
DFT,n-type
DFT,n-type
DFT,p-type
DFT,p-type
DOI,n-type
DOS,n-type
DOS,n-type
DOS,n-type
DOS,n-type
DOS,p-type
DOS,p-type
DOS,p-type
DOS,p-type
DOS,p-type
Eu1,p-type
Fe0.97Zn0.03VSb,p-type
FeNb0.8Ti0.2Sb,p-type
FeNbSb,n-type
FeNbSb,p-type
FeSi2,n-type
GaAs,n-type
GaAs,p-type
GaAs,p-type
GaCuTe2,p-type
GaN,n-type
GaSb,p-type
Ge2WN4,p-type
GeBi4Te7,n-type
GeBi4Te7,p-type
GeI2,n-type
GeI2,p-type
GeN,n-type
GeS,n-type
GeS,n-type
GeS,p-type
GeS,p-type
GeS,p-type
GeS2,n-type
GeSb4Te7,n-type
GeSb4Te7,p-type
GeSe,n-type
GeSe,n-type
GeSe,p-type
GeSe,p-type
GeSe,p-type
GeSe,p-type
GeSn,p-type
GeTe,n-type
GeTe,n-type
GeTe,p-type
GeTe,p-type
GeTe,p-type
GeTe,p-type
GeTe68,n-type
HFC,p-type
HFCs,p-type
Hf0.3Zr0.7CoSn0.3Sb0.7,p-type
Hf0.6Zr0.4,n-type
Hf2InNi2Sb,n-type
Hf2InNi2Sb,p-type
HfBiRh,n-type
HfBiRh,p-type
HfCoSb,n-type
HfCoSb.82,n-type
HfRhBi,n-type
HfRhBi,p-type
HfS2,n-type
HfS2,n-type
HfS2,p-type
HfSSe,n-type
HfSe2,n-type
HfSe2,n-type
HfTe5,n-type
HfTe5,p-type
IFCs,n-type
IFCs,p-type
III,n-type
III,n-type
III,n-type
III,p-type
III,p-type
III,p-type
III,p-type
III,p-type
III,p-type
IOP,p-type
IVVI,p-type
InP,p-type
InSb,n-type
InSb,p-type
InSe,p-type
K35,n-type
LaCuOSe,p-type
Li2SnS3,n-type
Li2SnS3,p-type
Li2SnSe3,n-type
Li2SnSe3,p-type
Mg,n-type
Mg2BIV,p-type
Mg2Ge,n-type
Mg2GeSe4,n-type
Mg2GeSe4,p-type
Mg2Si,n-type
Mg2Si,n-type
Mg2Si,p-type
Mg2Sn,n-type
Mg2Sn,n-type
Mg2Sn,n-type
Mg2Sn,n-type
Mg2Sn,p-type
Mg2Sn,p-type
Mg2Sn,p-type
Mg2Sn1,p-type
Mg2Sn21,p-type
Mg2Sn32,n-type
Mg2Sn32,p-type
Mg2Sn35,p-type
Mg3,n-type
Mg3Bi2,p-type
Mg3Sb2,n-type
Mg3Sb2,n-type
Mg3Sb2,p-type
MgAgSb,n-type
MoS,n-type
MoS2,n-type
MoS2,n-type
MoS2,p-type
MoS2,p-type
MoS2,p-type
MoS261,n-type
MoSe2,n-type
MoSe2,n-type
MoSe2,p-type
MoSe2,p-type
N2D,n-type
Na0.74Co0.9375Ni0.0625O2,n-type
Na0.74CoO1.9375,n-type
Na2CO3,p-type
Na2TlSb,n-type
Na2TlSb77,p-type
NaCo2O4,n-type
Nb1,p-type
NbCoSn,p-type
NbFeSb,n-type
NbFeSb,p-type
NbFeSb,p-type
NbIrTe4,n-type
NbIrTe4,p-type
Ni2,p-type
NiO,p-type
NiZrSn,n-type
NiZrSn,p-type
PDOS,p-type
PFU,n-type
PFU,p-type
PSe,n-type
PbI2,n-type
PbI2,n-type
PbI2,p-type
PbS,n-type
PbS,n-type
PbS,n-type
PbS,p-type
PbS,p-type
PbS0.6Se0.4,n-type
PbSb2O6,n-type
PbSe,n-type
PbSe,n-type
PbSe,n-type
PbSe,n-type
PbSe,p-type
PbSe,p-type
PbSe,p-type
PbSe,p-type
PbSeTe,n-type
PbTe,n-type
PbTe,n-type
PbTe,n-type
PbTe,n-type
PbTe,n-type
PbTe,n-type
PbTe,n-type
PbTe,n-type
PbTe,n-type
PbTe,n-type
PbTe,n-type
PbTe,n-type
PbTe,n-type
PbTe,n-type
PbTe,n-type
PbTe,n-type
PbTe,n-type
PbTe,p-type
PbTe,p-type
PbTe,p-type
PbTe,p-type
PbTe,p-type
PbTe,p-type
PbTe,p-type
PbTe,p-type
PbTe,p-type
PbTe,p-type
PbTe,p-type
PbTe,p-type
PbTe1,n-type
PbTe24,n-type
PbTe34,n-type
PbTe6,n-type
PbTe74,n-type
PbTe81,n-type
RhBi,p-type
S10,n-type
S10,n-type
S10,p-type
S10,p-type
S12,n-type
S12,n-type
S13,n-type
S13,p-type
S14,n-type
S14,p-type
S15,p-type
SOC,n-type
SOC,n-type
SOC,n-type
SOC,p-type
SOC,p-type
SOC,p-type
SOC56,n-type
Sb2,n-type
Sb2,n-type
Sb2Te3,n-type
Sb2Te3,n-type
Sb2Te3,n-type
Sb2Te3,n-type
Sb2Te3,n-type
Sb2Te3,p-type
Sb2Te3,p-type
Sb2Te3,p-type
Sb2Te310,p-type
Sb6,p-type
SbTeI,n-type
SbTeI,p-type
Si2SbBi,n-type
Si2SbBi,p-type
Si2WN4,n-type
Si2WN4,p-type
SiGe,n-type
SiGe,n-type
SiGe,p-type
SiO2,p-type
SiP2,n-type
SnCd,n-type
SnI2,n-type
SnS,n-type
SnS,n-type
SnS,n-type
SnS,n-type
SnS,p-type
SnS,p-type
SnS,p-type
SnS,p-type
SnSe,n-type
SnSe,n-type
SnSe,n-type
SnSe,n-type
SnSe,n-type
SnSe,n-type
SnSe,n-type
SnSe,n-type
SnSe,n-type
SnSe,n-type
SnSe,n-type
SnSe,n-type
SnSe,n-type
SnSe,n-type
SnSe,n-type
SnSe,n-type
SnSe,p-type
SnSe,p-type
SnSe,p-type
SnSe,p-type
SnSe,p-type
SnSe,p-type
SnSe,p-type
SnSe,p-type
SnSe,p-type
SnSe,p-type
SnSe,p-type
SnSe,p-type
SnSe.16,n-type
SnSe2,n-type
SnSe2,n-type
SnSe2,n-type
SnSe2,p-type
SnSe25,n-type
SnTe,n-type
SnTe,p-type
SnTe,p-type
SnTe,p-type
SnTe1,p-type
SnTe72,n-type
SrAg2GeSe4,n-type
SrAg2GeSe4,p-type
SrAg2SnSe4,p-type
SrGaSnH,n-type
SrTiO3,n-type
TEs,n-type
TOC,n-type
TaCoSn,n-type
TaCu3Te4,n-type
TaCu3Te4,p-type
TaIrTe4,n-type
TaIrTe4,p-type
TaTe4Ir,n-type
Te3,n-type
Te4,p-type
TePb,n-type
TePb,n-type
TePb,p-type
TePb,p-type
TePb,p-type
ThH10,p-type
Ti2,p-type
TiCo0.85Fe0.15Sb,n-type
TiCo0.85Fe0.15Sb,p-type
TiCoSb,p-type
TiFe0.5Ni0.5Sb,n-type
TiFeSb,p-type
TiO3,p-type
UCS,n-type
UCS,p-type
UTS,n-type
UTS,p-type
VFeSb,n-type
VFeSb,p-type
VHB,n-type
VMo2S4,p-type
WGe2N4,n-type
WGe2N4,p-type
WS2,n-type
WS2,p-type
WS2,p-type
WS2,p-type
WS2,p-type
WSe,n-type
WSe2,n-type
WSe2,n-type
WSe2,p-type
WSe2,p-type
WSe2,p-type
WSe217,p-type
WSe219,p-type
WSi2N4,n-type
WSi2N4,n-type
WSi2N4,p-type
WSi2N4,p-type
YbFe4Sb3,p-type
Zn2Sb2,p-type
Zn4Sb3,n-type
ZnO,n-type
ZnO,n-type
ZnO,p-type
ZnO,p-type
ZnT,p-type
Zr(GeN2)2,n-type
Zr(GeN2)2,p-type
Zr(SiN2)2,n-type
Zr(SiN2)2,p-type
Zr0.25Hf0.75Ni2Sn,n-type
Zr0.5Hf0.5Co0.3Ir0.7Sb0.99Sn0.1,p-type
Zr2InNi2Sb,n-type
Zr2InNi2Sb,p-type
ZrBi,n-type
ZrBiIr,p-type
ZrBiRh,n-type
ZrBiRh,p-type
ZrCoBi,p-type
ZrCoBi,p-type
ZrCoBi0.65Sb0.15Sn0.20,p-type
ZrGe2N4,n-type
ZrGe2N4,p-type
ZrIrBi,n-type
ZrIrBi,p-type
ZrNiPb,n-type
ZrNiPb,p-type
ZrNiSn,n-type
ZrNiSn,p-type
ZrO2,n-type
ZrO2,p-type
ZrRhBi,n-type
ZrRhBi,p-type
ZrSSe,n-type
ZrSi2N4,n-type
ZrSi2N4,p-type
ZrSn,n-type
ZrSn,p-type
ZrSn2N4,p-type
ZrTe5,n-type
ZrTe5,p-type
